name,year
Margaret Tait: Film Maker,1983
[JA] Sculptures by Sofu - Vita,1963
Scheme Birds,2019
What Love Looks Like,2020
Lamb,2015
Mid to Late,2015
The Leaden Echo and the Golden Echo,1955
[CS] Cernobílá Sylva,1961
[FR] Adults in the Room,2019
[CN] Fearless Hyena 2,1983
Viena and the Fantomes,2020
BET Awards 2020,2020
Heartburn,1986
[CN] The Fearless Hyena,1979
Ask No Questions,2020
[ZH] Qin song,1996
Confessions from the David Galaxy Affair,1979
George Lopez: We'll Do It for Half,2020
Me and You and Everyone We Know,2005
Lection,2019
